{
  "Nitrogen": {
    "mean": 50.54772727272727,
    "std": 36.85234659258709
  },
  "Phosphorus": {
    "mean": 53.339772727272724,
    "std": 32.938258494881296
  },
  "Potassium": {
    "mean": 48.143181818181816,
    "std": 50.694393619230596
  },
  "Temperature": {
    "mean": 25.60940919824773,
    "std": 5.078927636586771
  },
  "Humidity": {
    "mean": 71.41676188401705,
    "std": 22.274497431234785
  },
  "pH_Value": {
    "mean": 6.4738302374596595,
    "std": 0.7830678745149086
  },
  "Rainfall": {
    "mean": 103.45158989587499,
    "std": 54.97698969590896
  }
}